rule_id,condition,predicted_class,confidence,samples,weighted_samples,defect_prob,depth
0,loc <= 0.106064 AND lOBlank <= 0.045515 AND v(g) <= 0.567308 AND ev(g) <= 0.390625 AND lOCode <= 0.011761 AND lOCode <= 0.008021 AND i <= 0.075269 AND iv(g) <= 0.151075,0,0.6044657097288676,627,620.1004646489064,0.39553429027113235,8
1,loc <= 0.106064 AND lOBlank <= 0.045515 AND v(g) <= 0.567308 AND ev(g) <= 0.390625 AND lOCode <= 0.011761 AND lOCode <= 0.008021 AND i <= 0.075269 AND iv(g) > 0.151075 AND iv(g) <= 0.324329,0,0.9615384615384616,26,23.623726695703454,0.038461538461538464,9
2,loc <= 0.106064 AND lOBlank <= 0.045515 AND v(g) <= 0.567308 AND ev(g) <= 0.390625 AND lOCode <= 0.011761 AND lOCode <= 0.008021 AND i <= 0.075269 AND iv(g) > 0.151075 AND iv(g) > 0.324329,1,0.6666666666666666,3,3.1501154703637955,0.6666666666666666,9
3,loc <= 0.106064 AND lOBlank <= 0.045515 AND v(g) <= 0.567308 AND ev(g) <= 0.390625 AND lOCode <= 0.011761 AND lOCode <= 0.008021 AND i > 0.075269,0,0.9285714285714286,28,25.648757266814364,0.07142857142857142,7
4,loc <= 0.106064 AND lOBlank <= 0.045515 AND v(g) <= 0.567308 AND ev(g) <= 0.390625 AND lOCode <= 0.011761 AND lOCode > 0.008021,1,1.0,18,20.25152818655196,1.0,6
5,loc <= 0.106064 AND lOBlank <= 0.045515 AND v(g) <= 0.567308 AND ev(g) <= 0.390625 AND lOCode > 0.011761 AND i <= 0.056232 AND lOCode <= 0.015739 AND lOCode <= 0.012156,0,0.92,25,22.948920251240292,0.08,8
6,loc <= 0.106064 AND lOBlank <= 0.045515 AND v(g) <= 0.567308 AND ev(g) <= 0.390625 AND lOCode > 0.011761 AND i <= 0.056232 AND lOCode <= 0.015739 AND lOCode > 0.012156,1,1.0,4,4.500339597011546,1.0,8
7,loc <= 0.106064 AND lOBlank <= 0.045515 AND v(g) <= 0.567308 AND ev(g) <= 0.390625 AND lOCode > 0.011761 AND i <= 0.056232 AND lOCode > 0.015739,0,0.9770992366412213,131,118.56830069558553,0.022900763358778626,7
8,loc <= 0.106064 AND lOBlank <= 0.045515 AND v(g) <= 0.567308 AND ev(g) <= 0.390625 AND lOCode > 0.011761 AND i > 0.056232 AND lOBlank <= 0.022830 AND lOBlank <= 0.022255 AND lOBlank <= 0.000008,0,0.82,550,517.2589030340039,0.18,9
9,loc <= 0.106064 AND lOBlank <= 0.045515 AND v(g) <= 0.567308 AND ev(g) <= 0.390625 AND lOCode > 0.011761 AND i > 0.056232 AND lOBlank <= 0.022830 AND lOBlank <= 0.022255 AND lOBlank > 0.000008,1,1.0,61,68.63017885442606,1.0,9
10,loc <= 0.106064 AND lOBlank <= 0.045515 AND v(g) <= 0.567308 AND ev(g) <= 0.390625 AND lOCode > 0.011761 AND i > 0.056232 AND lOBlank <= 0.022830 AND lOBlank > 0.022255,0,0.898465171192444,847,781.6159576197033,0.10153482880755609,8
11,loc <= 0.106064 AND lOBlank <= 0.045515 AND v(g) <= 0.567308 AND ev(g) <= 0.390625 AND lOCode > 0.011761 AND i > 0.056232 AND lOBlank > 0.022830 AND lOBlank <= 0.045212,1,1.0,105,118.13391442155309,1.0,8
12,loc <= 0.106064 AND lOBlank <= 0.045515 AND v(g) <= 0.567308 AND ev(g) <= 0.390625 AND lOCode > 0.011761 AND i > 0.056232 AND lOBlank > 0.022830 AND lOBlank > 0.045212,0,0.7811735941320294,818,776.4554812835431,0.21882640586797067,8
13,loc <= 0.106064 AND lOBlank <= 0.045515 AND v(g) <= 0.567308 AND ev(g) > 0.390625,0,1.0,14,12.599239406012314,0.0,4
14,loc <= 0.106064 AND lOBlank <= 0.045515 AND v(g) > 0.567308,1,1.0,5,5.625424496264433,1.0,3
15,loc <= 0.106064 AND lOBlank > 0.045515 AND lOBlank <= 0.068014,1,1.0,162,182.26375367896762,1.0,3
16,loc <= 0.106064 AND lOBlank > 0.045515 AND lOBlank > 0.068014 AND lOBlank <= 0.068218 AND i <= 0.324288 AND lOCode <= 0.118113 AND i <= 0.053265,0,1.0,15,13.499185077870337,0.0,7
17,loc <= 0.106064 AND lOBlank > 0.045515 AND lOBlank > 0.068014 AND lOBlank <= 0.068218 AND i <= 0.324288 AND lOCode <= 0.118113 AND i > 0.053265 AND i <= 0.056562,1,0.75,12,12.825601108850046,0.75,8
18,loc <= 0.106064 AND lOBlank > 0.045515 AND lOBlank > 0.068014 AND lOBlank <= 0.068218 AND i <= 0.324288 AND lOCode <= 0.118113 AND i > 0.053265 AND i > 0.056562 AND lOCode <= 0.114110,0,0.7871064467766117,667,632.2335334193716,0.2128935532233883,9
19,loc <= 0.106064 AND lOBlank > 0.045515 AND lOBlank > 0.068014 AND lOBlank <= 0.068218 AND i <= 0.324288 AND lOCode <= 0.118113 AND i > 0.053265 AND i > 0.056562 AND lOCode > 0.114110,1,0.5714285714285714,7,7.200176612585613,0.5714285714285714,9
20,loc <= 0.106064 AND lOBlank > 0.045515 AND lOBlank > 0.068014 AND lOBlank <= 0.068218 AND i <= 0.324288 AND lOCode > 0.118113,0,1.0,20,17.998913437160454,0.0,6
21,loc <= 0.106064 AND lOBlank > 0.045515 AND lOBlank > 0.068014 AND lOBlank <= 0.068218 AND i > 0.324288,0,1.0,21,18.898859109018478,0.0,5
22,loc <= 0.106064 AND lOBlank > 0.045515 AND lOBlank > 0.068014 AND lOBlank > 0.068218 AND lOBlank <= 0.090843,1,1.0,172,193.51460267149648,1.0,5
23,loc <= 0.106064 AND lOBlank > 0.045515 AND lOBlank > 0.068014 AND lOBlank > 0.068218 AND lOBlank > 0.090843 AND ev(g) <= 0.296875 AND v(g) <= 0.000858 AND locCodeAndComment <= 0.375000,0,0.8728323699421965,173,160.64366423412486,0.12716763005780346,8
24,loc <= 0.106064 AND lOBlank > 0.045515 AND lOBlank > 0.068014 AND lOBlank > 0.068218 AND lOBlank > 0.090843 AND ev(g) <= 0.296875 AND v(g) <= 0.000858 AND locCodeAndComment > 0.375000,1,0.7142857142857143,7,7.4253158399804775,0.7142857142857143,8
25,loc <= 0.106064 AND lOBlank > 0.045515 AND lOBlank > 0.068014 AND lOBlank > 0.068218 AND lOBlank > 0.090843 AND ev(g) <= 0.296875 AND v(g) > 0.000858 AND v(g) <= 0.019226,1,1.0,25,28.127122481322164,1.0,8
26,loc <= 0.106064 AND lOBlank > 0.045515 AND lOBlank > 0.068014 AND lOBlank > 0.068218 AND lOBlank > 0.090843 AND ev(g) <= 0.296875 AND v(g) > 0.000858 AND v(g) > 0.019226,0,0.5816176470588236,1360,1352.0303341145882,0.4183823529411765,8
27,loc <= 0.106064 AND lOBlank > 0.045515 AND lOBlank > 0.068014 AND lOBlank > 0.068218 AND lOBlank > 0.090843 AND ev(g) > 0.296875,0,1.0,5,4.4997283592901125,0.0,6
28,loc > 0.106064 AND loc <= 0.250296 AND loc <= 0.108864,1,1.0,30,33.75254697758659,1.0,3
29,loc > 0.106064 AND loc <= 0.250296 AND loc > 0.108864 AND i <= 0.610270 AND v(g) <= 0.365460 AND loc <= 0.108908 AND iv(g) <= 0.136364 AND lOBlank <= 0.170455 AND locCodeAndComment <= 0.312500,0,0.6101694915254238,59,58.27499686970519,0.3898305084745763,9
30,loc > 0.106064 AND loc <= 0.250296 AND loc > 0.108864 AND i <= 0.610270 AND v(g) <= 0.365460 AND loc <= 0.108908 AND iv(g) <= 0.136364 AND lOBlank <= 0.170455 AND locCodeAndComment > 0.312500,1,0.8,5,5.400285268869569,0.8,9
31,loc > 0.106064 AND loc <= 0.250296 AND loc > 0.108864 AND i <= 0.610270 AND v(g) <= 0.365460 AND loc <= 0.108908 AND iv(g) <= 0.136364 AND lOBlank > 0.170455,0,1.0,7,6.299619703006157,0.0,8
32,loc > 0.106064 AND loc <= 0.250296 AND loc > 0.108864 AND i <= 0.610270 AND v(g) <= 0.365460 AND loc <= 0.108908 AND iv(g) > 0.136364,0,1.0,10,8.999456718580225,0.0,7
33,loc > 0.106064 AND loc <= 0.250296 AND loc > 0.108864 AND i <= 0.610270 AND v(g) <= 0.365460 AND loc > 0.108908 AND loc <= 0.111842,1,1.0,29,32.62746207833371,1.0,7
34,loc > 0.106064 AND loc <= 0.250296 AND loc > 0.108864 AND i <= 0.610270 AND v(g) <= 0.365460 AND loc > 0.108908 AND loc > 0.111842 AND loc <= 0.111931,0,0.7666666666666667,60,57.148689495009435,0.23333333333333334,8
35,loc > 0.106064 AND loc <= 0.250296 AND loc > 0.108864 AND i <= 0.610270 AND v(g) <= 0.365460 AND loc > 0.108908 AND loc > 0.111842 AND loc > 0.111931,1,0.521849593495935,1968,2002.3110687511137,0.521849593495935,8
36,loc > 0.106064 AND loc <= 0.250296 AND loc > 0.108864 AND i <= 0.610270 AND v(g) > 0.365460 AND iv(g) <= 0.878788 AND locCodeAndComment <= 0.625540 AND locCodeAndComment <= 0.118384,1,0.7241379310344828,58,61.652696518349586,0.7241379310344828,8
37,loc > 0.106064 AND loc <= 0.250296 AND loc > 0.108864 AND i <= 0.610270 AND v(g) > 0.365460 AND iv(g) <= 0.878788 AND locCodeAndComment <= 0.625540 AND locCodeAndComment > 0.118384,0,0.6666666666666666,9,8.774928728906794,0.3333333333333333,8
38,loc > 0.106064 AND loc <= 0.250296 AND loc > 0.108864 AND i <= 0.610270 AND v(g) > 0.365460 AND iv(g) <= 0.878788 AND locCodeAndComment > 0.625540,1,1.0,10,11.250848992528866,1.0,7
39,loc > 0.106064 AND loc <= 0.250296 AND loc > 0.108864 AND i <= 0.610270 AND v(g) > 0.365460 AND iv(g) > 0.878788,0,1.0,4,3.5997826874320897,0.0,6
40,loc > 0.106064 AND loc <= 0.250296 AND loc > 0.108864 AND i > 0.610270 AND loc <= 0.141468,0,0.7142857142857143,7,6.749898157795886,0.2857142857142857,5
41,loc > 0.106064 AND loc <= 0.250296 AND loc > 0.108864 AND i > 0.610270 AND loc > 0.141468 AND lOCode <= 0.192606,1,1.0,20,22.50169798505773,1.0,6
42,loc > 0.106064 AND loc <= 0.250296 AND loc > 0.108864 AND i > 0.610270 AND loc > 0.141468 AND lOCode > 0.192606 AND lOCode <= 0.206198,0,0.75,4,3.824921914826954,0.25,7
43,loc > 0.106064 AND loc <= 0.250296 AND loc > 0.108864 AND i > 0.610270 AND loc > 0.141468 AND lOCode > 0.192606 AND lOCode > 0.206198,1,0.8125,16,17.32594070586159,0.8125,7
44,loc > 0.106064 AND loc > 0.250296 AND ev(g) <= 0.000522 AND i <= 0.201962 AND iv(g) <= 0.196970 AND lOCode <= 0.285621 AND loc <= 0.255664,1,1.0,3,3.3752546977586597,1.0,7
45,loc > 0.106064 AND loc > 0.250296 AND ev(g) <= 0.000522 AND i <= 0.201962 AND iv(g) <= 0.196970 AND lOCode <= 0.285621 AND loc > 0.255664 AND lOBlank <= 0.545455,0,0.5625,32,31.950210682984814,0.4375,8
46,loc > 0.106064 AND loc > 0.250296 AND ev(g) <= 0.000522 AND i <= 0.201962 AND iv(g) <= 0.196970 AND lOCode <= 0.285621 AND loc > 0.255664 AND lOBlank > 0.545455,1,0.875,8,8.775539966628228,0.875,8
47,loc > 0.106064 AND loc > 0.250296 AND ev(g) <= 0.000522 AND i <= 0.201962 AND iv(g) <= 0.196970 AND lOCode > 0.285621,0,1.0,7,6.299619703006157,0.0,6
48,loc > 0.106064 AND loc > 0.250296 AND ev(g) <= 0.000522 AND i <= 0.201962 AND iv(g) > 0.196970,0,1.0,15,13.499185077870337,0.0,5
49,loc > 0.106064 AND loc > 0.250296 AND ev(g) <= 0.000522 AND i > 0.201962 AND v(g) <= 0.001333 AND loc <= 0.280986,1,1.0,4,4.500339597011546,1.0,6
50,loc > 0.106064 AND loc > 0.250296 AND ev(g) <= 0.000522 AND i > 0.201962 AND v(g) <= 0.001333 AND loc > 0.280986 AND loc <= 0.447375,0,0.8947368421052632,19,17.549246220092154,0.10526315789473684,7
51,loc > 0.106064 AND loc > 0.250296 AND ev(g) <= 0.000522 AND i > 0.201962 AND v(g) <= 0.001333 AND loc > 0.280986 AND loc > 0.447375,1,0.625,8,8.3252615118385,0.625,7
52,loc > 0.106064 AND loc > 0.250296 AND ev(g) <= 0.000522 AND i > 0.201962 AND v(g) > 0.001333 AND lOBlank <= 0.098028,0,0.6363636363636364,11,10.799959300017703,0.36363636363636365,6
53,loc > 0.106064 AND loc > 0.250296 AND ev(g) <= 0.000522 AND i > 0.201962 AND v(g) > 0.001333 AND lOBlank > 0.098028 AND i <= 0.554032 AND v(g) <= 0.067308,0,1.0,9,8.099511046722203,0.0,8
54,loc > 0.106064 AND loc > 0.250296 AND ev(g) <= 0.000522 AND i > 0.201962 AND v(g) > 0.001333 AND lOBlank > 0.098028 AND i <= 0.554032 AND v(g) > 0.067308 AND iv(g) <= 0.575155,1,0.6894409937888198,161,169.8817074099715,0.6894409937888198,9
55,loc > 0.106064 AND loc > 0.250296 AND ev(g) <= 0.000522 AND i > 0.201962 AND v(g) > 0.001333 AND lOBlank > 0.098028 AND i <= 0.554032 AND v(g) > 0.067308 AND iv(g) > 0.575155,0,0.7692307692307693,13,12.374711416338883,0.23076923076923078,9
56,loc > 0.106064 AND loc > 0.250296 AND ev(g) <= 0.000522 AND i > 0.201962 AND v(g) > 0.001333 AND lOBlank > 0.098028 AND i > 0.554032 AND i <= 0.826640,1,0.9102564102564102,78,86.1806475499611,0.9102564102564102,8
57,loc > 0.106064 AND loc > 0.250296 AND ev(g) <= 0.000522 AND i > 0.201962 AND v(g) > 0.001333 AND lOBlank > 0.098028 AND i > 0.554032 AND i > 0.826640 AND locCodeAndComment <= 0.019375,0,0.5882352941176471,34,33.75010202670086,0.4117647058823529,9
58,loc > 0.106064 AND loc > 0.250296 AND ev(g) <= 0.000522 AND i > 0.201962 AND v(g) > 0.001333 AND lOBlank > 0.098028 AND i > 0.554032 AND i > 0.826640 AND locCodeAndComment > 0.019375,1,0.8529411764705882,34,37.12719043762381,0.8529411764705882,9
59,loc > 0.106064 AND loc > 0.250296 AND ev(g) > 0.000522 AND ev(g) <= 0.061987,1,1.0,85,95.63221643649534,1.0,4
60,loc > 0.106064 AND loc > 0.250296 AND ev(g) > 0.000522 AND ev(g) > 0.061987 AND iv(g) <= 0.151551 AND i <= 0.720964 AND v(g) <= 0.105769,0,1.0,7,6.299619703006157,0.0,7
61,loc > 0.106064 AND loc > 0.250296 AND ev(g) > 0.000522 AND ev(g) > 0.061987 AND iv(g) <= 0.151551 AND i <= 0.720964 AND v(g) > 0.105769 AND locCodeAndComment <= 0.526421 AND locCodeAndComment <= 0.245622,1,0.5939849624060151,133,137.47877332131122,0.5939849624060151,9
62,loc > 0.106064 AND loc > 0.250296 AND ev(g) > 0.000522 AND ev(g) > 0.061987 AND iv(g) <= 0.151551 AND i <= 0.720964 AND v(g) > 0.105769 AND locCodeAndComment <= 0.526421 AND locCodeAndComment > 0.245622,0,0.8571428571428571,14,13.049517860802041,0.14285714285714285,9
63,loc > 0.106064 AND loc > 0.250296 AND ev(g) > 0.000522 AND ev(g) > 0.061987 AND iv(g) <= 0.151551 AND i <= 0.720964 AND v(g) > 0.105769 AND locCodeAndComment > 0.526421 AND locCodeAndComment <= 0.989972,1,1.0,14,15.751188589540412,1.0,9
64,loc > 0.106064 AND loc > 0.250296 AND ev(g) > 0.000522 AND ev(g) > 0.061987 AND iv(g) <= 0.151551 AND i <= 0.720964 AND v(g) > 0.105769 AND locCodeAndComment > 0.526421 AND locCodeAndComment > 0.989972,0,0.6666666666666666,6,5.849952485937862,0.3333333333333333,9
65,loc > 0.106064 AND loc > 0.250296 AND ev(g) > 0.000522 AND ev(g) > 0.061987 AND iv(g) <= 0.151551 AND i > 0.720964,1,1.0,10,11.250848992528866,1.0,6
66,loc > 0.106064 AND loc > 0.250296 AND ev(g) > 0.000522 AND ev(g) > 0.061987 AND iv(g) > 0.151551 AND iv(g) <= 0.180889,1,1.0,27,30.377292279827937,1.0,6
67,loc > 0.106064 AND loc > 0.250296 AND ev(g) > 0.000522 AND ev(g) > 0.061987 AND iv(g) > 0.151551 AND iv(g) > 0.180889 AND v(g) <= 0.212472 AND iv(g) <= 0.287879 AND lOCode <= 0.376361,1,0.6888888888888889,45,47.476871282851775,0.6888888888888889,9
68,loc > 0.106064 AND loc > 0.250296 AND ev(g) > 0.000522 AND ev(g) > 0.061987 AND iv(g) > 0.151551 AND iv(g) > 0.180889 AND v(g) <= 0.212472 AND iv(g) <= 0.287879 AND lOCode > 0.376361,0,0.8181818181818182,11,10.349680845227974,0.18181818181818182,9
69,loc > 0.106064 AND loc > 0.250296 AND ev(g) > 0.000522 AND ev(g) > 0.061987 AND iv(g) > 0.151551 AND iv(g) > 0.180889 AND v(g) <= 0.212472 AND iv(g) > 0.287879,0,1.0,3,2.6998370155740674,0.0,8
70,loc > 0.106064 AND loc > 0.250296 AND ev(g) > 0.000522 AND ev(g) > 0.061987 AND iv(g) > 0.151551 AND iv(g) > 0.180889 AND v(g) > 0.212472,1,0.7997881355932204,944,1019.5288309170955,0.7997881355932204,7
