rule_id,condition,predicted_class,confidence,samples,defect_prob
0,loc <= 0.1061 AND lOBlank <= 0.0455 AND b <= 0.0069 AND b <= 0.0034 AND loc <= 0.0360 AND i <= 0.0874,0,0.6592589467244366,400,0.34074105327556337
1,loc <= 0.1061 AND lOBlank <= 0.0455 AND b <= 0.0069 AND b <= 0.0034 AND loc <= 0.0360 AND i > 0.0874,0,0.9397513461024402,41,0.06024865389755979
2,loc <= 0.1061 AND lOBlank <= 0.0455 AND b <= 0.0069 AND b <= 0.0034 AND loc > 0.0360 AND v(g) <= 0.0365 AND loc <= 0.0640,1,0.7931257357142633,61,0.7931257357142633
3,loc <= 0.1061 AND lOBlank <= 0.0455 AND b <= 0.0069 AND b <= 0.0034 AND loc > 0.0360 AND v(g) <= 0.0365 AND loc > 0.0640,0,0.6153524658679298,18,0.38464753413207026
4,loc <= 0.1061 AND lOBlank <= 0.0455 AND b <= 0.0069 AND b <= 0.0034 AND loc > 0.0360 AND v(g) > 0.0365 AND loc <= 0.0913,0,0.6443561916379182,271,0.35564380836208176
5,loc <= 0.1061 AND lOBlank <= 0.0455 AND b <= 0.0069 AND b <= 0.0034 AND loc > 0.0360 AND v(g) > 0.0365 AND loc > 0.0913,1,0.6065897917013036,67,0.6065897917013036
6,loc <= 0.1061 AND lOBlank <= 0.0455 AND b <= 0.0069 AND b > 0.0034,1,1.0,28,1.0
7,loc <= 0.1061 AND lOBlank <= 0.0455 AND b > 0.0069 AND lOBlank <= 0.0228 AND lOBlank <= 0.0223 AND lOBlank <= 0.0000,0,0.8132947152732797,535,0.1867052847267203
8,loc <= 0.1061 AND lOBlank <= 0.0455 AND b > 0.0069 AND lOBlank <= 0.0228 AND lOBlank <= 0.0223 AND lOBlank > 0.0000,1,1.0,47,1.0
9,loc <= 0.1061 AND lOBlank <= 0.0455 AND b > 0.0069 AND lOBlank <= 0.0228 AND lOBlank > 0.0223 AND b <= 0.0585,0,0.905885534403252,782,0.09411446559674798
10,loc <= 0.1061 AND lOBlank <= 0.0455 AND b > 0.0069 AND lOBlank <= 0.0228 AND lOBlank > 0.0223 AND b > 0.0585,0,0.6056457925076986,73,0.3943542074923014
11,loc <= 0.1061 AND lOBlank <= 0.0455 AND b > 0.0069 AND lOBlank > 0.0228 AND lOBlank <= 0.0452,1,1.0,102,1.0
12,loc <= 0.1061 AND lOBlank <= 0.0455 AND b > 0.0069 AND lOBlank > 0.0228 AND lOBlank > 0.0452 AND i <= 0.0688,0,0.943813022110522,88,0.056186977889477956
13,loc <= 0.1061 AND lOBlank <= 0.0455 AND b > 0.0069 AND lOBlank > 0.0228 AND lOBlank > 0.0452 AND i > 0.0688,0,0.7240346710805113,749,0.2759653289194888
14,loc <= 0.1061 AND lOBlank > 0.0455 AND lOBlank <= 0.0680,1,1.0,162,1.0
15,loc <= 0.1061 AND lOBlank > 0.0455 AND lOBlank > 0.0680 AND lOBlank <= 0.0682 AND b <= 0.0204 AND v(g) <= 0.0004,0,0.8412517024403743,61,0.15874829755962583
16,loc <= 0.1061 AND lOBlank > 0.0455 AND lOBlank > 0.0680 AND lOBlank <= 0.0682 AND b <= 0.0204 AND v(g) > 0.0004,0,0.5912715223653067,132,0.40872847763469333
17,loc <= 0.1061 AND lOBlank > 0.0455 AND lOBlank > 0.0680 AND lOBlank <= 0.0682 AND b > 0.0204,0,0.7822068262107497,549,0.21779317378925028
18,loc <= 0.1061 AND lOBlank > 0.0455 AND lOBlank > 0.0680 AND lOBlank > 0.0682 AND lOBlank <= 0.0908,1,1.0,172,1.0
19,loc <= 0.1061 AND lOBlank > 0.0455 AND lOBlank > 0.0680 AND lOBlank > 0.0682 AND lOBlank > 0.0908 AND v(g) <= 0.0009,0,0.8192569963449893,180,0.18074300365501067
20,loc <= 0.1061 AND lOBlank > 0.0455 AND lOBlank > 0.0680 AND lOBlank > 0.0682 AND lOBlank > 0.0908 AND v(g) > 0.0009 AND lOBlank <= 0.0910,0,0.6398190259898131,496,0.36018097401018695
21,loc <= 0.1061 AND lOBlank > 0.0455 AND lOBlank > 0.0680 AND lOBlank > 0.0682 AND lOBlank > 0.0908 AND v(g) > 0.0009 AND lOBlank > 0.0910,1,0.547842411653852,894,0.547842411653852
22,loc > 0.1061 AND loc <= 0.2503 AND loc <= 0.1089,1,1.0,30,1.0
23,loc > 0.1061 AND loc <= 0.2503 AND loc > 0.1089 AND lOBlank <= 0.1591 AND locCodeAndComment <= 0.1279 AND b <= 0.0292,1,0.6232369496042472,381,0.6232369496042472
24,loc > 0.1061 AND loc <= 0.2503 AND loc > 0.1089 AND lOBlank <= 0.1591 AND locCodeAndComment <= 0.1279 AND b > 0.0292 AND i <= 0.1221,0,0.8912911878337476,45,0.10870881216625239
25,loc > 0.1061 AND loc <= 0.2503 AND loc > 0.1089 AND lOBlank <= 0.1591 AND locCodeAndComment <= 0.1279 AND b > 0.0292 AND i > 0.1221,0,0.5472914494823431,663,0.4527085505176569
26,loc > 0.1061 AND loc <= 0.2503 AND loc > 0.1089 AND lOBlank <= 0.1591 AND locCodeAndComment > 0.1279 AND i <= 0.1395,0,0.9230672778187999,16,0.0769327221812001
27,loc > 0.1061 AND loc <= 0.2503 AND loc > 0.1089 AND lOBlank <= 0.1591 AND locCodeAndComment > 0.1279 AND i > 0.1395,1,0.7622985149360415,164,0.7622985149360415
28,loc > 0.1061 AND loc <= 0.2503 AND loc > 0.1089 AND lOBlank > 0.1591 AND lOBlank <= 0.1817,1,1.0,57,1.0
29,loc > 0.1061 AND loc <= 0.2503 AND loc > 0.1089 AND lOBlank > 0.1591 AND lOBlank > 0.1817 AND i <= 0.1350,0,0.6689594679018346,67,0.3310405320981656
30,loc > 0.1061 AND loc <= 0.2503 AND loc > 0.1089 AND lOBlank > 0.1591 AND lOBlank > 0.1817 AND i > 0.1350 AND lOBlank <= 0.1819,0,0.5080161408158209,126,0.491983859184179
31,loc > 0.1061 AND loc <= 0.2503 AND loc > 0.1089 AND lOBlank > 0.1591 AND lOBlank > 0.1817 AND i > 0.1350 AND lOBlank > 0.1819,1,0.6582694396725953,747,0.6582694396725953
32,loc > 0.1061 AND loc > 0.2503 AND ev(g) <= 0.0005 AND i <= 0.2020 AND branchCount <= 0.1500 AND loc <= 0.3249,1,0.7983411961649672,25,0.7983411961649672
33,loc > 0.1061 AND loc > 0.2503 AND ev(g) <= 0.0005 AND i <= 0.2020 AND branchCount <= 0.1500 AND loc > 0.3249,0,0.7618801207416991,10,0.23811987925830103
34,loc > 0.1061 AND loc > 0.2503 AND ev(g) <= 0.0005 AND i <= 0.2020 AND branchCount > 0.1500,0,0.8780342352291552,30,0.12196576477084477
35,loc > 0.1061 AND loc > 0.2503 AND ev(g) <= 0.0005 AND i > 0.2020 AND v(g) <= 0.0013,0,0.5925597993050804,31,0.40744020069491954
36,loc > 0.1061 AND loc > 0.2503 AND ev(g) <= 0.0005 AND i > 0.2020 AND v(g) > 0.0013 AND i <= 0.5540 AND b <= 0.4103,1,0.7089364351513109,171,0.7089364351513109
37,loc > 0.1061 AND loc > 0.2503 AND ev(g) <= 0.0005 AND i > 0.2020 AND v(g) > 0.0013 AND i <= 0.5540 AND b > 0.4103,0,0.7618801207416991,20,0.23811987925830103
38,loc > 0.1061 AND loc > 0.2503 AND ev(g) <= 0.0005 AND i > 0.2020 AND v(g) > 0.0013 AND i > 0.5540 AND i <= 0.8266,1,0.9173229636076909,79,0.9173229636076909
39,loc > 0.1061 AND loc > 0.2503 AND ev(g) <= 0.0005 AND i > 0.2020 AND v(g) > 0.0013 AND i > 0.5540 AND i > 0.8266,1,0.6790419496380757,70,0.6790419496380757
40,loc > 0.1061 AND loc > 0.2503 AND ev(g) > 0.0005 AND ev(g) <= 0.0620,1,1.0,85,1.0
41,loc > 0.1061 AND loc > 0.2503 AND ev(g) > 0.0005 AND ev(g) > 0.0620 AND v(g) <= 0.2117,1,0.6556598059686989,164,0.6556598059686989
42,loc > 0.1061 AND loc > 0.2503 AND ev(g) > 0.0005 AND ev(g) > 0.0620 AND v(g) > 0.2117 AND b <= 0.1528,1,0.9039665944072492,290,0.9039665944072492
43,loc > 0.1061 AND loc > 0.2503 AND ev(g) > 0.0005 AND ev(g) > 0.0620 AND v(g) > 0.2117 AND b > 0.1528 AND i <= 0.2728,1,0.5993170545222455,123,0.5993170545222455
44,loc > 0.1061 AND loc > 0.2503 AND ev(g) > 0.0005 AND ev(g) > 0.0620 AND v(g) > 0.2117 AND b > 0.1528 AND i > 0.2728,1,0.8202300030688081,637,0.8202300030688081
